Algoritmo,File,Word,Count,Time
Sequencial naive,livros/DonQuixote.txt,the,194,24.466855
CPU Paralelo,livros/DonQuixote.txt,the,194,25.20889
Sequencial naive,livros/DonQuixote.txt,the,194,128.847925
CPU Paralelo,livros/DonQuixote.txt,the,194,35.384287
Sequencial naive,livros/DonQuixote.txt,the,194,21.303303
CPU Paralelo,livros/DonQuixote.txt,the,194,24.39175
Sequencial naive,livros/DonQuixote.txt,the,194,22.14285
CPU Paralelo,livros/DonQuixote.txt,the,194,24.494775
Sequencial naive,livros/DonQuixote.txt,the,194,19.366135
CPU Paralelo,livros/DonQuixote.txt,the,194,22.756556
Sequencial naive,livros/DonQuixote.txt,the,194,21.651639
CPU Paralelo,livros/DonQuixote.txt,the,194,27.254225
Sequencial naive,livros/DonQuixote.txt,the,194,12.257041
CPU Paralelo,livros/DonQuixote.txt,the,194,16.841548
Sequencial naive,livros/DonQuixote.txt,the,194,21.808791
CPU Paralelo,livros/DonQuixote.txt,the,194,42.835375
Sequencial naive,livros/DonQuixote.txt,the,194,35.072105
CPU Paralelo,livros/DonQuixote.txt,the,194,47.794686
Sequencial naive,livros/DonQuixote.txt,the,194,34.649173
CPU Paralelo,livros/DonQuixote.txt,the,194,43.364596
Sequencial naive,livros/MobyDick.txt,the,19060,24.587158
CPU Paralelo,livros/MobyDick.txt,the,19060,28.132649
Sequencial naive,livros/MobyDick.txt,the,19060,21.747901
CPU Paralelo,livros/MobyDick.txt,the,19060,30.065489
Sequencial naive,livros/MobyDick.txt,the,19060,39.280463
CPU Paralelo,livros/MobyDick.txt,the,19060,39.763117
Sequencial naive,livros/MobyDick.txt,the,19060,28.293401
CPU Paralelo,livros/MobyDick.txt,the,19060,20.292579
Sequencial naive,livros/MobyDick.txt,the,19060,13.529722
CPU Paralelo,livros/MobyDick.txt,the,19060,11.058995
Sequencial naive,livros/MobyDick.txt,the,19060,9.407862
CPU Paralelo,livros/MobyDick.txt,the,19060,10.414869
Sequencial naive,livros/MobyDick.txt,the,19060,7.542907
CPU Paralelo,livros/MobyDick.txt,the,19060,8.699392
Sequencial naive,livros/MobyDick.txt,the,19060,8.516334
CPU Paralelo,livros/MobyDick.txt,the,19060,10.803475
Sequencial naive,livros/MobyDick.txt,the,19060,11.369146
CPU Paralelo,livros/MobyDick.txt,the,19060,12.247533
Sequencial naive,livros/MobyDick.txt,the,19060,14.493388
CPU Paralelo,livros/MobyDick.txt,the,19060,25.242418
Sequencial naive,livros/Dracula.txt,the,10438,21.377538
CPU Paralelo,livros/Dracula.txt,the,10438,22.947122
Sequencial naive,livros/Dracula.txt,the,10438,28.032719
CPU Paralelo,livros/Dracula.txt,the,10438,26.645005
Sequencial naive,livros/Dracula.txt,the,10438,22.657613
CPU Paralelo,livros/Dracula.txt,the,10438,25.646869
Sequencial naive,livros/Dracula.txt,the,10438,19.695859
CPU Paralelo,livros/Dracula.txt,the,10438,33.846169
Sequencial naive,livros/Dracula.txt,the,10438,40.06241
CPU Paralelo,livros/Dracula.txt,the,10438,20.331369
Sequencial naive,livros/Dracula.txt,the,10438,16.013083
CPU Paralelo,livros/Dracula.txt,the,10438,18.022343
Sequencial naive,livros/Dracula.txt,the,10438,15.880648
CPU Paralelo,livros/Dracula.txt,the,10438,16.348293
Sequencial naive,livros/Dracula.txt,the,10438,7.952111
CPU Paralelo,livros/Dracula.txt,the,10438,8.758532
Sequencial naive,livros/Dracula.txt,the,10438,5.45904
CPU Paralelo,livros/Dracula.txt,the,10438,6.81796
Sequencial naive,livros/Dracula.txt,the,10438,4.539855
CPU Paralelo,livros/Dracula.txt,the,10438,5.30615
Sequencial naive,livros/DonQuixote.txt,a,193661,13.452334
CPU Paralelo,livros/DonQuixote.txt,a,193661,10.477683
Sequencial naive,livros/DonQuixote.txt,a,193661,9.88673
CPU Paralelo,livros/DonQuixote.txt,a,193661,11.190583
Sequencial naive,livros/DonQuixote.txt,a,193661,9.792254
CPU Paralelo,livros/DonQuixote.txt,a,193661,11.346868
Sequencial naive,livros/DonQuixote.txt,a,193661,17.826938
CPU Paralelo,livros/DonQuixote.txt,a,193661,17.867879
Sequencial naive,livros/DonQuixote.txt,a,193661,19.838653
CPU Paralelo,livros/DonQuixote.txt,a,193661,13.01983
Sequencial naive,livros/DonQuixote.txt,a,193661,16.380956
CPU Paralelo,livros/DonQuixote.txt,a,193661,12.457266
Sequencial naive,livros/DonQuixote.txt,a,193661,24.272642
CPU Paralelo,livros/DonQuixote.txt,a,193661,25.175331
Sequencial naive,livros/DonQuixote.txt,a,193661,28.396896
CPU Paralelo,livros/DonQuixote.txt,a,193661,38.88764
Sequencial naive,livros/DonQuixote.txt,a,193661,27.38362
CPU Paralelo,livros/DonQuixote.txt,a,193661,20.766414
Sequencial naive,livros/DonQuixote.txt,a,193661,17.831098
CPU Paralelo,livros/DonQuixote.txt,a,193661,31.731206
Sequencial naive,livros/MobyDick.txt,a,76825,7.352541
CPU Paralelo,livros/MobyDick.txt,a,76825,8.530898
Sequencial naive,livros/MobyDick.txt,a,76825,6.739869
CPU Paralelo,livros/MobyDick.txt,a,76825,9.465897
Sequencial naive,livros/MobyDick.txt,a,76825,9.034373
CPU Paralelo,livros/MobyDick.txt,a,76825,7.03309
Sequencial naive,livros/MobyDick.txt,a,76825,10.394216
CPU Paralelo,livros/MobyDick.txt,a,76825,6.218409
Sequencial naive,livros/MobyDick.txt,a,76825,6.064115
CPU Paralelo,livros/MobyDick.txt,a,76825,8.03223
Sequencial naive,livros/MobyDick.txt,a,76825,6.169626
CPU Paralelo,livros/MobyDick.txt,a,76825,7.646197
Sequencial naive,livros/MobyDick.txt,a,76825,6.157555
CPU Paralelo,livros/MobyDick.txt,a,76825,6.676174
Sequencial naive,livros/MobyDick.txt,a,76825,6.629164
CPU Paralelo,livros/MobyDick.txt,a,76825,5.947219
Sequencial naive,livros/MobyDick.txt,a,76825,6.584907
CPU Paralelo,livros/MobyDick.txt,a,76825,5.834841
Sequencial naive,livros/MobyDick.txt,a,76825,5.997144
CPU Paralelo,livros/MobyDick.txt,a,76825,7.030182
Sequencial naive,livros/Dracula.txt,a,52551,4.553499
CPU Paralelo,livros/Dracula.txt,a,52551,11.926581
Sequencial naive,livros/Dracula.txt,a,52551,11.314236
CPU Paralelo,livros/Dracula.txt,a,52551,7.979477
Sequencial naive,livros/Dracula.txt,a,52551,5.774213
CPU Paralelo,livros/Dracula.txt,a,52551,7.347421
Sequencial naive,livros/Dracula.txt,a,52551,4.735179
CPU Paralelo,livros/Dracula.txt,a,52551,5.298118
Sequencial naive,livros/Dracula.txt,a,52551,5.306726
CPU Paralelo,livros/Dracula.txt,a,52551,5.249732
Sequencial naive,livros/Dracula.txt,a,52551,4.587703
CPU Paralelo,livros/Dracula.txt,a,52551,5.681322
Sequencial naive,livros/Dracula.txt,a,52551,4.351591
CPU Paralelo,livros/Dracula.txt,a,52551,4.495511
Sequencial naive,livros/Dracula.txt,a,52551,4.177231
CPU Paralelo,livros/Dracula.txt,a,52551,5.267987
Sequencial naive,livros/Dracula.txt,a,52551,4.769926
CPU Paralelo,livros/Dracula.txt,a,52551,7.565473
Sequencial naive,livros/Dracula.txt,a,52551,9.355717
CPU Paralelo,livros/Dracula.txt,a,52551,7.750862
Sequencial naive,livros/DonQuixote.txt,and,4126,13.530215
CPU Paralelo,livros/DonQuixote.txt,and,4126,9.673355
Sequencial naive,livros/DonQuixote.txt,and,4126,8.433366
CPU Paralelo,livros/DonQuixote.txt,and,4126,18.506496
Sequencial naive,livros/DonQuixote.txt,and,4126,14.128689
CPU Paralelo,livros/DonQuixote.txt,and,4126,11.842849
Sequencial naive,livros/DonQuixote.txt,and,4126,10.865989
CPU Paralelo,livros/DonQuixote.txt,and,4126,11.521897
Sequencial naive,livros/DonQuixote.txt,and,4126,12.126717
CPU Paralelo,livros/DonQuixote.txt,and,4126,10.113179
Sequencial naive,livros/DonQuixote.txt,and,4126,8.937886
CPU Paralelo,livros/DonQuixote.txt,and,4126,17.861022
Sequencial naive,livros/DonQuixote.txt,and,4126,8.284304
CPU Paralelo,livros/DonQuixote.txt,and,4126,10.893971
Sequencial naive,livros/DonQuixote.txt,and,4126,8.815104
CPU Paralelo,livros/DonQuixote.txt,and,4126,10.366085
Sequencial naive,livros/DonQuixote.txt,and,4126,8.552939
CPU Paralelo,livros/DonQuixote.txt,and,4126,10.511897
Sequencial naive,livros/DonQuixote.txt,and,4126,9.639593
CPU Paralelo,livros/DonQuixote.txt,and,4126,8.902446
Sequencial naive,livros/MobyDick.txt,and,7613,5.660776
CPU Paralelo,livros/MobyDick.txt,and,7613,5.594958
Sequencial naive,livros/MobyDick.txt,and,7613,5.048435
CPU Paralelo,livros/MobyDick.txt,and,7613,7.082472
Sequencial naive,livros/MobyDick.txt,and,7613,8.583223
CPU Paralelo,livros/MobyDick.txt,and,7613,11.623947
Sequencial naive,livros/MobyDick.txt,and,7613,7.497354
CPU Paralelo,livros/MobyDick.txt,and,7613,7.906841
Sequencial naive,livros/MobyDick.txt,and,7613,5.668964
CPU Paralelo,livros/MobyDick.txt,and,7613,6.809853
Sequencial naive,livros/MobyDick.txt,and,7613,5.964365
CPU Paralelo,livros/MobyDick.txt,and,7613,5.55507
Sequencial naive,livros/MobyDick.txt,and,7613,5.451085
CPU Paralelo,livros/MobyDick.txt,and,7613,5.402268
Sequencial naive,livros/MobyDick.txt,and,7613,4.321446
CPU Paralelo,livros/MobyDick.txt,and,7613,6.148276
Sequencial naive,livros/MobyDick.txt,and,7613,5.919155
CPU Paralelo,livros/MobyDick.txt,and,7613,6.927061
Sequencial naive,livros/MobyDick.txt,and,7613,5.681451
CPU Paralelo,livros/MobyDick.txt,and,7613,5.442117
Sequencial naive,livros/Dracula.txt,and,6548,3.509821
CPU Paralelo,livros/Dracula.txt,and,6548,4.767726
Sequencial naive,livros/Dracula.txt,and,6548,5.034514
CPU Paralelo,livros/Dracula.txt,and,6548,6.136657
Sequencial naive,livros/Dracula.txt,and,6548,4.498451
CPU Paralelo,livros/Dracula.txt,and,6548,5.21699
Sequencial naive,livros/Dracula.txt,and,6548,4.126042
CPU Paralelo,livros/Dracula.txt,and,6548,4.572424
Sequencial naive,livros/Dracula.txt,and,6548,6.865273
CPU Paralelo,livros/Dracula.txt,and,6548,4.410271
Sequencial naive,livros/Dracula.txt,and,6548,3.589343
CPU Paralelo,livros/Dracula.txt,and,6548,5.642013
Sequencial naive,livros/Dracula.txt,and,6548,4.012646
CPU Paralelo,livros/Dracula.txt,and,6548,4.787614
Sequencial naive,livros/Dracula.txt,and,6548,3.641785
CPU Paralelo,livros/Dracula.txt,and,6548,4.948578
Sequencial naive,livros/Dracula.txt,and,6548,7.887587
CPU Paralelo,livros/Dracula.txt,and,6548,9.325849
Sequencial naive,livros/Dracula.txt,and,6548,3.553827
CPU Paralelo,livros/Dracula.txt,and,6548,4.594676
Sequencial naive,livros/DonQuixote.txt,of,581,8.919777
CPU Paralelo,livros/DonQuixote.txt,of,581,9.253349
Sequencial naive,livros/DonQuixote.txt,of,581,9.027797
CPU Paralelo,livros/DonQuixote.txt,of,581,8.879375
Sequencial naive,livros/DonQuixote.txt,of,581,9.120374
CPU Paralelo,livros/DonQuixote.txt,of,581,10.279488
Sequencial naive,livros/DonQuixote.txt,of,581,9.575955
CPU Paralelo,livros/DonQuixote.txt,of,581,12.721049
Sequencial naive,livros/DonQuixote.txt,of,581,14.919541
CPU Paralelo,livros/DonQuixote.txt,of,581,20.842574
Sequencial naive,livros/DonQuixote.txt,of,581,21.481626
CPU Paralelo,livros/DonQuixote.txt,of,581,23.337139
Sequencial naive,livros/DonQuixote.txt,of,581,22.954599
CPU Paralelo,livros/DonQuixote.txt,of,581,22.685624
Sequencial naive,livros/DonQuixote.txt,of,581,20.945275
CPU Paralelo,livros/DonQuixote.txt,of,581,22.202989
Sequencial naive,livros/DonQuixote.txt,of,581,21.486428
CPU Paralelo,livros/DonQuixote.txt,of,581,20.701963
Sequencial naive,livros/DonQuixote.txt,of,581,13.316344
CPU Paralelo,livros/DonQuixote.txt,of,581,11.361576
Sequencial naive,livros/MobyDick.txt,of,7422,5.711443
CPU Paralelo,livros/MobyDick.txt,of,7422,5.89831
Sequencial naive,livros/MobyDick.txt,of,7422,4.364503
CPU Paralelo,livros/MobyDick.txt,of,7422,5.948195
Sequencial naive,livros/MobyDick.txt,of,7422,4.907274
CPU Paralelo,livros/MobyDick.txt,of,7422,5.570414
Sequencial naive,livros/MobyDick.txt,of,7422,4.732292
CPU Paralelo,livros/MobyDick.txt,of,7422,5.506699
Sequencial naive,livros/MobyDick.txt,of,7422,4.198594
CPU Paralelo,livros/MobyDick.txt,of,7422,5.41105
Sequencial naive,livros/MobyDick.txt,of,7422,6.298152
CPU Paralelo,livros/MobyDick.txt,of,7422,13.074417
Sequencial naive,livros/MobyDick.txt,of,7422,6.570147
CPU Paralelo,livros/MobyDick.txt,of,7422,7.29427
Sequencial naive,livros/MobyDick.txt,of,7422,5.826478
CPU Paralelo,livros/MobyDick.txt,of,7422,7.022568
Sequencial naive,livros/MobyDick.txt,of,7422,6.000322
CPU Paralelo,livros/MobyDick.txt,of,7422,6.491893
Sequencial naive,livros/MobyDick.txt,of,7422,5.525041
CPU Paralelo,livros/MobyDick.txt,of,7422,7.688742
Sequencial naive,livros/Dracula.txt,of,4269,3.816113
CPU Paralelo,livros/Dracula.txt,of,4269,5.000612
Sequencial naive,livros/Dracula.txt,of,4269,8.565314
CPU Paralelo,livros/Dracula.txt,of,4269,13.493944
Sequencial naive,livros/Dracula.txt,of,4269,7.660586
CPU Paralelo,livros/Dracula.txt,of,4269,9.474316
Sequencial naive,livros/Dracula.txt,of,4269,5.356044
CPU Paralelo,livros/Dracula.txt,of,4269,7.060055
Sequencial naive,livros/Dracula.txt,of,4269,4.725624
CPU Paralelo,livros/Dracula.txt,of,4269,5.716252
Sequencial naive,livros/Dracula.txt,of,4269,4.016721
CPU Paralelo,livros/Dracula.txt,of,4269,6.341851
Sequencial naive,livros/Dracula.txt,of,4269,3.361217
CPU Paralelo,livros/Dracula.txt,of,4269,4.259812
Sequencial naive,livros/Dracula.txt,of,4269,3.478912
CPU Paralelo,livros/Dracula.txt,of,4269,5.789248
Sequencial naive,livros/Dracula.txt,of,4269,3.102392
CPU Paralelo,livros/Dracula.txt,of,4269,4.301073
Sequencial naive,livros/Dracula.txt,of,4269,4.091856
CPU Paralelo,livros/Dracula.txt,of,4269,5.31972
Sequencial naive,livros/DonQuixote.txt,to,12722,10.864145
CPU Paralelo,livros/DonQuixote.txt,to,12722,10.877165
Sequencial naive,livros/DonQuixote.txt,to,12722,10.93181
CPU Paralelo,livros/DonQuixote.txt,to,12722,11.28701
Sequencial naive,livros/DonQuixote.txt,to,12722,12.512277
CPU Paralelo,livros/DonQuixote.txt,to,12722,11.482178
Sequencial naive,livros/DonQuixote.txt,to,12722,10.859703
CPU Paralelo,livros/DonQuixote.txt,to,12722,12.63446
Sequencial naive,livros/DonQuixote.txt,to,12722,11.513506
CPU Paralelo,livros/DonQuixote.txt,to,12722,12.426373
Sequencial naive,livros/DonQuixote.txt,to,12722,12.338447
CPU Paralelo,livros/DonQuixote.txt,to,12722,10.896474
Sequencial naive,livros/DonQuixote.txt,to,12722,10.176428
CPU Paralelo,livros/DonQuixote.txt,to,12722,11.445848
Sequencial naive,livros/DonQuixote.txt,to,12722,10.006553
CPU Paralelo,livros/DonQuixote.txt,to,12722,12.44233
Sequencial naive,livros/DonQuixote.txt,to,12722,10.550134
CPU Paralelo,livros/DonQuixote.txt,to,12722,9.658716
Sequencial naive,livros/DonQuixote.txt,to,12722,8.356722
CPU Paralelo,livros/DonQuixote.txt,to,12722,8.277761
Sequencial naive,livros/MobyDick.txt,to,7249,4.280344
CPU Paralelo,livros/MobyDick.txt,to,7249,12.145821
Sequencial naive,livros/MobyDick.txt,to,7249,14.451429
CPU Paralelo,livros/MobyDick.txt,to,7249,8.061609
Sequencial naive,livros/MobyDick.txt,to,7249,6.311459
CPU Paralelo,livros/MobyDick.txt,to,7249,7.355299
Sequencial naive,livros/MobyDick.txt,to,7249,6.51098
CPU Paralelo,livros/MobyDick.txt,to,7249,6.90493
Sequencial naive,livros/MobyDick.txt,to,7249,5.170818
CPU Paralelo,livros/MobyDick.txt,to,7249,7.045178
Sequencial naive,livros/MobyDick.txt,to,7249,4.263152
CPU Paralelo,livros/MobyDick.txt,to,7249,5.747931
Sequencial naive,livros/MobyDick.txt,to,7249,4.602258
CPU Paralelo,livros/MobyDick.txt,to,7249,5.470971
Sequencial naive,livros/MobyDick.txt,to,7249,4.484109
CPU Paralelo,livros/MobyDick.txt,to,7249,6.333845
Sequencial naive,livros/MobyDick.txt,to,7249,4.214634
CPU Paralelo,livros/MobyDick.txt,to,7249,5.043017
Sequencial naive,livros/MobyDick.txt,to,7249,5.390855
CPU Paralelo,livros/MobyDick.txt,to,7249,5.447467
Sequencial naive,livros/Dracula.txt,to,6460,3.130179
CPU Paralelo,livros/Dracula.txt,to,6460,5.384993
Sequencial naive,livros/Dracula.txt,to,6460,4.354732
CPU Paralelo,livros/Dracula.txt,to,6460,3.851139
Sequencial naive,livros/Dracula.txt,to,6460,3.2191
CPU Paralelo,livros/Dracula.txt,to,6460,5.11953
Sequencial naive,livros/Dracula.txt,to,6460,3.741264
CPU Paralelo,livros/Dracula.txt,to,6460,5.043743
Sequencial naive,livros/Dracula.txt,to,6460,3.666476
CPU Paralelo,livros/Dracula.txt,to,6460,4.918175
Sequencial naive,livros/Dracula.txt,to,6460,3.316574
CPU Paralelo,livros/Dracula.txt,to,6460,4.26639
Sequencial naive,livros/Dracula.txt,to,6460,2.912623
CPU Paralelo,livros/Dracula.txt,to,6460,4.571768
Sequencial naive,livros/Dracula.txt,to,6460,3.060934
CPU Paralelo,livros/Dracula.txt,to,6460,4.188966
Sequencial naive,livros/Dracula.txt,to,6460,3.039022
CPU Paralelo,livros/Dracula.txt,to,6460,4.039349
Sequencial naive,livros/Dracula.txt,to,6460,4.135286
CPU Paralelo,livros/Dracula.txt,to,6460,4.039786
Sequencial naive,livros/DonQuixote.txt,in,8325,7.387659
CPU Paralelo,livros/DonQuixote.txt,in,8325,17.859512
Sequencial naive,livros/DonQuixote.txt,in,8325,12.780115
CPU Paralelo,livros/DonQuixote.txt,in,8325,12.957859
Sequencial naive,livros/DonQuixote.txt,in,8325,9.451061
CPU Paralelo,livros/DonQuixote.txt,in,8325,8.887183
Sequencial naive,livros/DonQuixote.txt,in,8325,9.017423
CPU Paralelo,livros/DonQuixote.txt,in,8325,9.949739
Sequencial naive,livros/DonQuixote.txt,in,8325,9.86414
CPU Paralelo,livros/DonQuixote.txt,in,8325,11.312358
Sequencial naive,livros/DonQuixote.txt,in,8325,9.837831
CPU Paralelo,livros/DonQuixote.txt,in,8325,11.327241
Sequencial naive,livros/DonQuixote.txt,in,8325,9.732173
CPU Paralelo,livros/DonQuixote.txt,in,8325,11.350141
Sequencial naive,livros/DonQuixote.txt,in,8325,11.281064
CPU Paralelo,livros/DonQuixote.txt,in,8325,11.908845
Sequencial naive,livros/DonQuixote.txt,in,8325,14.531
CPU Paralelo,livros/DonQuixote.txt,in,8325,11.563073
Sequencial naive,livros/DonQuixote.txt,in,8325,10.257044
CPU Paralelo,livros/DonQuixote.txt,in,8325,10.775128
Sequencial naive,livros/MobyDick.txt,in,19711,6.212342
CPU Paralelo,livros/MobyDick.txt,in,19711,6.764809
Sequencial naive,livros/MobyDick.txt,in,19711,6.07805
CPU Paralelo,livros/MobyDick.txt,in,19711,7.131246
Sequencial naive,livros/MobyDick.txt,in,19711,5.710482
CPU Paralelo,livros/MobyDick.txt,in,19711,7.173746
Sequencial naive,livros/MobyDick.txt,in,19711,5.662725
CPU Paralelo,livros/MobyDick.txt,in,19711,6.681852
Sequencial naive,livros/MobyDick.txt,in,19711,7.908656
CPU Paralelo,livros/MobyDick.txt,in,19711,9.041606
Sequencial naive,livros/MobyDick.txt,in,19711,5.150641
CPU Paralelo,livros/MobyDick.txt,in,19711,5.390606
Sequencial naive,livros/MobyDick.txt,in,19711,8.288149
CPU Paralelo,livros/MobyDick.txt,in,19711,9.136269
Sequencial naive,livros/MobyDick.txt,in,19711,9.266027
CPU Paralelo,livros/MobyDick.txt,in,19711,8.546589
Sequencial naive,livros/MobyDick.txt,in,19711,8.392329
CPU Paralelo,livros/MobyDick.txt,in,19711,5.470127
Sequencial naive,livros/MobyDick.txt,in,19711,4.523964
CPU Paralelo,livros/MobyDick.txt,in,19711,6.158772
Sequencial naive,livros/Dracula.txt,in,11569,3.35097
CPU Paralelo,livros/Dracula.txt,in,11569,4.503481
Sequencial naive,livros/Dracula.txt,in,11569,5.792809
CPU Paralelo,livros/Dracula.txt,in,11569,6.726472
Sequencial naive,livros/Dracula.txt,in,11569,3.650405
CPU Paralelo,livros/Dracula.txt,in,11569,5.023999
Sequencial naive,livros/Dracula.txt,in,11569,5.804862
CPU Paralelo,livros/Dracula.txt,in,11569,6.438484
Sequencial naive,livros/Dracula.txt,in,11569,5.162495
CPU Paralelo,livros/Dracula.txt,in,11569,7.815025
Sequencial naive,livros/Dracula.txt,in,11569,4.552012
CPU Paralelo,livros/Dracula.txt,in,11569,7.292367
Sequencial naive,livros/Dracula.txt,in,11569,4.635226
CPU Paralelo,livros/Dracula.txt,in,11569,6.536843
Sequencial naive,livros/Dracula.txt,in,11569,7.473925
CPU Paralelo,livros/Dracula.txt,in,11569,8.775198
Sequencial naive,livros/Dracula.txt,in,11569,6.105535
CPU Paralelo,livros/Dracula.txt,in,11569,9.416954
Sequencial naive,livros/Dracula.txt,in,11569,13.950536
CPU Paralelo,livros/Dracula.txt,in,11569,24.691703
Sequencial naive,livros/DonQuixote.txt,he,2339,37.735977
CPU Paralelo,livros/DonQuixote.txt,he,2339,44.808947
Sequencial naive,livros/DonQuixote.txt,he,2339,53.658842
CPU Paralelo,livros/DonQuixote.txt,he,2339,55.854189
Sequencial naive,livros/DonQuixote.txt,he,2339,21.572251
CPU Paralelo,livros/DonQuixote.txt,he,2339,14.971587
Sequencial naive,livros/DonQuixote.txt,he,2339,10.235808
CPU Paralelo,livros/DonQuixote.txt,he,2339,11.999298
Sequencial naive,livros/DonQuixote.txt,he,2339,7.48445
CPU Paralelo,livros/DonQuixote.txt,he,2339,10.285806
Sequencial naive,livros/DonQuixote.txt,he,2339,20.353882
CPU Paralelo,livros/DonQuixote.txt,he,2339,20.93182
Sequencial naive,livros/DonQuixote.txt,he,2339,10.549707
CPU Paralelo,livros/DonQuixote.txt,he,2339,10.873736
Sequencial naive,livros/DonQuixote.txt,he,2339,7.958226
CPU Paralelo,livros/DonQuixote.txt,he,2339,9.830413
Sequencial naive,livros/DonQuixote.txt,he,2339,7.205105
CPU Paralelo,livros/DonQuixote.txt,he,2339,9.152661
Sequencial naive,livros/DonQuixote.txt,he,2339,7.500139
CPU Paralelo,livros/DonQuixote.txt,he,2339,9.298294
Sequencial naive,livros/MobyDick.txt,he,26467,4.668465
CPU Paralelo,livros/MobyDick.txt,he,26467,6.439193
Sequencial naive,livros/MobyDick.txt,he,26467,8.825246
CPU Paralelo,livros/MobyDick.txt,he,26467,9.113053
Sequencial naive,livros/MobyDick.txt,he,26467,6.653984
CPU Paralelo,livros/MobyDick.txt,he,26467,7.337798
Sequencial naive,livros/MobyDick.txt,he,26467,6.416164
CPU Paralelo,livros/MobyDick.txt,he,26467,7.354128
Sequencial naive,livros/MobyDick.txt,he,26467,7.796836
CPU Paralelo,livros/MobyDick.txt,he,26467,10.157474
Sequencial naive,livros/MobyDick.txt,he,26467,9.890488
CPU Paralelo,livros/MobyDick.txt,he,26467,14.404807
Sequencial naive,livros/MobyDick.txt,he,26467,15.902336
CPU Paralelo,livros/MobyDick.txt,he,26467,16.590063
Sequencial naive,livros/MobyDick.txt,he,26467,18.722792
CPU Paralelo,livros/MobyDick.txt,he,26467,32.997095
Sequencial naive,livros/MobyDick.txt,he,26467,23.053232
CPU Paralelo,livros/MobyDick.txt,he,26467,28.420436
Sequencial naive,livros/MobyDick.txt,he,26467,22.886744
CPU Paralelo,livros/MobyDick.txt,he,26467,24.546568
Sequencial naive,livros/Dracula.txt,he,18274,15.61598
CPU Paralelo,livros/Dracula.txt,he,18274,19.710193
Sequencial naive,livros/Dracula.txt,he,18274,16.48693
CPU Paralelo,livros/Dracula.txt,he,18274,18.380016
Sequencial naive,livros/Dracula.txt,he,18274,15.598076
CPU Paralelo,livros/Dracula.txt,he,18274,19.085078
Sequencial naive,livros/Dracula.txt,he,18274,16.583022
CPU Paralelo,livros/Dracula.txt,he,18274,20.619747
Sequencial naive,livros/Dracula.txt,he,18274,15.950959
CPU Paralelo,livros/Dracula.txt,he,18274,20.747586
Sequencial naive,livros/Dracula.txt,he,18274,22.762863
CPU Paralelo,livros/Dracula.txt,he,18274,25.304539
Sequencial naive,livros/Dracula.txt,he,18274,22.588333
CPU Paralelo,livros/Dracula.txt,he,18274,21.973077
Sequencial naive,livros/Dracula.txt,he,18274,15.740295
CPU Paralelo,livros/Dracula.txt,he,18274,20.30327
Sequencial naive,livros/Dracula.txt,he,18274,15.178956
CPU Paralelo,livros/Dracula.txt,he,18274,19.746851
Sequencial naive,livros/Dracula.txt,he,18274,15.761176
CPU Paralelo,livros/Dracula.txt,he,18274,18.333281
Sequencial naive,livros/DonQuixote.txt,was,2,28.213909
CPU Paralelo,livros/DonQuixote.txt,was,2,16.593672
Sequencial naive,livros/DonQuixote.txt,was,2,11.10789
CPU Paralelo,livros/DonQuixote.txt,was,2,12.530858
Sequencial naive,livros/DonQuixote.txt,was,2,15.638213
CPU Paralelo,livros/DonQuixote.txt,was,2,12.012348
Sequencial naive,livros/DonQuixote.txt,was,2,9.740329
CPU Paralelo,livros/DonQuixote.txt,was,2,12.343533
Sequencial naive,livros/DonQuixote.txt,was,2,11.380546
CPU Paralelo,livros/DonQuixote.txt,was,2,15.968869
Sequencial naive,livros/DonQuixote.txt,was,2,20.248122
CPU Paralelo,livros/DonQuixote.txt,was,2,31.448565
Sequencial naive,livros/DonQuixote.txt,was,2,26.63676
CPU Paralelo,livros/DonQuixote.txt,was,2,32.12764
Sequencial naive,livros/DonQuixote.txt,was,2,30.4089
CPU Paralelo,livros/DonQuixote.txt,was,2,33.519552
Sequencial naive,livros/DonQuixote.txt,was,2,29.355652
CPU Paralelo,livros/DonQuixote.txt,was,2,33.788609
Sequencial naive,livros/DonQuixote.txt,was,2,27.984567
CPU Paralelo,livros/DonQuixote.txt,was,2,31.933528
Sequencial naive,livros/MobyDick.txt,was,1676,18.807724
CPU Paralelo,livros/MobyDick.txt,was,1676,24.471895
Sequencial naive,livros/MobyDick.txt,was,1676,19.023243
CPU Paralelo,livros/MobyDick.txt,was,1676,24.056459
Sequencial naive,livros/MobyDick.txt,was,1676,21.37152
CPU Paralelo,livros/MobyDick.txt,was,1676,24.042449
Sequencial naive,livros/MobyDick.txt,was,1676,19.872431
CPU Paralelo,livros/MobyDick.txt,was,1676,23.818549
Sequencial naive,livros/MobyDick.txt,was,1676,19.010118
CPU Paralelo,livros/MobyDick.txt,was,1676,25.194769
Sequencial naive,livros/MobyDick.txt,was,1676,19.632615
CPU Paralelo,livros/MobyDick.txt,was,1676,25.677759
Sequencial naive,livros/MobyDick.txt,was,1676,22.388869
CPU Paralelo,livros/MobyDick.txt,was,1676,24.473249
Sequencial naive,livros/MobyDick.txt,was,1676,20.455182
CPU Paralelo,livros/MobyDick.txt,was,1676,16.502768
Sequencial naive,livros/MobyDick.txt,was,1676,8.621969
CPU Paralelo,livros/MobyDick.txt,was,1676,10.813606
Sequencial naive,livros/MobyDick.txt,was,1676,7.718393
CPU Paralelo,livros/MobyDick.txt,was,1676,10.850333
Sequencial naive,livros/Dracula.txt,was,1892,5.204416
CPU Paralelo,livros/Dracula.txt,was,1892,8.391833
Sequencial naive,livros/Dracula.txt,was,1892,5.237175
CPU Paralelo,livros/Dracula.txt,was,1892,8.435318
Sequencial naive,livros/Dracula.txt,was,1892,6.157096
CPU Paralelo,livros/Dracula.txt,was,1892,10.519346
Sequencial naive,livros/Dracula.txt,was,1892,8.953529
CPU Paralelo,livros/Dracula.txt,was,1892,21.440261
Sequencial naive,livros/Dracula.txt,was,1892,15.400657
CPU Paralelo,livros/Dracula.txt,was,1892,20.676651
Sequencial naive,livros/Dracula.txt,was,1892,13.194082
CPU Paralelo,livros/Dracula.txt,was,1892,19.675173
Sequencial naive,livros/Dracula.txt,was,1892,15.105318
CPU Paralelo,livros/Dracula.txt,was,1892,18.850326
Sequencial naive,livros/Dracula.txt,was,1892,13.383779
CPU Paralelo,livros/Dracula.txt,was,1892,18.324345
Sequencial naive,livros/Dracula.txt,was,1892,33.286418
CPU Paralelo,livros/Dracula.txt,was,1892,18.710314
Sequencial naive,livros/Dracula.txt,was,1892,14.376751
CPU Paralelo,livros/Dracula.txt,was,1892,22.537871
Sequencial naive,livros/DonQuixote.txt,that,13,35.487041
CPU Paralelo,livros/DonQuixote.txt,that,13,43.940506
Sequencial naive,livros/DonQuixote.txt,that,13,18.927191
CPU Paralelo,livros/DonQuixote.txt,that,13,15.194019
Sequencial naive,livros/DonQuixote.txt,that,13,11.663898
CPU Paralelo,livros/DonQuixote.txt,that,13,13.826151
Sequencial naive,livros/DonQuixote.txt,that,13,12.83408
CPU Paralelo,livros/DonQuixote.txt,that,13,19.474388
Sequencial naive,livros/DonQuixote.txt,that,13,14.046722
CPU Paralelo,livros/DonQuixote.txt,that,13,16.799828
Sequencial naive,livros/DonQuixote.txt,that,13,13.823641
CPU Paralelo,livros/DonQuixote.txt,that,13,15.373673
Sequencial naive,livros/DonQuixote.txt,that,13,15.581753
CPU Paralelo,livros/DonQuixote.txt,that,13,16.122057
Sequencial naive,livros/DonQuixote.txt,that,13,14.237214
CPU Paralelo,livros/DonQuixote.txt,that,13,16.601706
Sequencial naive,livros/DonQuixote.txt,that,13,14.05914
CPU Paralelo,livros/DonQuixote.txt,that,13,15.960017
Sequencial naive,livros/DonQuixote.txt,that,13,14.100096
CPU Paralelo,livros/DonQuixote.txt,that,13,16.098632
Sequencial naive,livros/MobyDick.txt,that,3012,7.667933
CPU Paralelo,livros/MobyDick.txt,that,3012,9.923768
Sequencial naive,livros/MobyDick.txt,that,3012,10.19969
CPU Paralelo,livros/MobyDick.txt,that,3012,9.974358
Sequencial naive,livros/MobyDick.txt,that,3012,7.596466
CPU Paralelo,livros/MobyDick.txt,that,3012,9.883807
Sequencial naive,livros/MobyDick.txt,that,3012,7.563995
CPU Paralelo,livros/MobyDick.txt,that,3012,10.212775
Sequencial naive,livros/MobyDick.txt,that,3012,7.95858
CPU Paralelo,livros/MobyDick.txt,that,3012,11.85284
Sequencial naive,livros/MobyDick.txt,that,3012,12.171231
CPU Paralelo,livros/MobyDick.txt,that,3012,23.085467
Sequencial naive,livros/MobyDick.txt,that,3012,20.995379
CPU Paralelo,livros/MobyDick.txt,that,3012,24.071926
Sequencial naive,livros/MobyDick.txt,that,3012,20.171782
CPU Paralelo,livros/MobyDick.txt,that,3012,25.822914
Sequencial naive,livros/MobyDick.txt,that,3012,19.047052
CPU Paralelo,livros/MobyDick.txt,that,3012,26.049688
Sequencial naive,livros/MobyDick.txt,that,3012,20.094909
CPU Paralelo,livros/MobyDick.txt,that,3012,24.702581
Sequencial naive,livros/Dracula.txt,that,2436,15.025794
CPU Paralelo,livros/Dracula.txt,that,2436,18.98718
Sequencial naive,livros/Dracula.txt,that,2436,14.693213
CPU Paralelo,livros/Dracula.txt,that,2436,40.929028
Sequencial naive,livros/Dracula.txt,that,2436,12.675543
CPU Paralelo,livros/Dracula.txt,that,2436,19.143122
Sequencial naive,livros/Dracula.txt,that,2436,14.876002
CPU Paralelo,livros/Dracula.txt,that,2436,19.951381
Sequencial naive,livros/Dracula.txt,that,2436,16.239129
CPU Paralelo,livros/Dracula.txt,that,2436,19.32285
Sequencial naive,livros/Dracula.txt,that,2436,14.09304
CPU Paralelo,livros/Dracula.txt,that,2436,20.479896
Sequencial naive,livros/Dracula.txt,that,2436,17.657132
CPU Paralelo,livros/Dracula.txt,that,2436,21.404751
Sequencial naive,livros/Dracula.txt,that,2436,19.734457
CPU Paralelo,livros/Dracula.txt,that,2436,26.473399
Sequencial naive,livros/Dracula.txt,that,2436,15.753112
CPU Paralelo,livros/Dracula.txt,that,2436,19.749102
Sequencial naive,livros/Dracula.txt,that,2436,18.692834
CPU Paralelo,livros/Dracula.txt,that,2436,21.42013
Sequencial naive,livros/DonQuixote.txt,it,2099,39.260722
CPU Paralelo,livros/DonQuixote.txt,it,2099,36.536279
Sequencial naive,livros/DonQuixote.txt,it,2099,16.737366
CPU Paralelo,livros/DonQuixote.txt,it,2099,16.754726
Sequencial naive,livros/DonQuixote.txt,it,2099,9.376782
CPU Paralelo,livros/DonQuixote.txt,it,2099,9.771335
Sequencial naive,livros/DonQuixote.txt,it,2099,8.47348
CPU Paralelo,livros/DonQuixote.txt,it,2099,10.213306
Sequencial naive,livros/DonQuixote.txt,it,2099,7.371078
CPU Paralelo,livros/DonQuixote.txt,it,2099,9.553319
Sequencial naive,livros/DonQuixote.txt,it,2099,8.728474
CPU Paralelo,livros/DonQuixote.txt,it,2099,10.699798
Sequencial naive,livros/DonQuixote.txt,it,2099,8.180626
CPU Paralelo,livros/DonQuixote.txt,it,2099,10.336549
Sequencial naive,livros/DonQuixote.txt,it,2099,7.422655
CPU Paralelo,livros/DonQuixote.txt,it,2099,10.097765
Sequencial naive,livros/DonQuixote.txt,it,2099,8.469418
CPU Paralelo,livros/DonQuixote.txt,it,2099,8.79034
Sequencial naive,livros/DonQuixote.txt,it,2099,8.085191
CPU Paralelo,livros/DonQuixote.txt,it,2099,8.962919
Sequencial naive,livros/MobyDick.txt,it,7724,4.273188
CPU Paralelo,livros/MobyDick.txt,it,7724,6.724329
Sequencial naive,livros/MobyDick.txt,it,7724,4.167409
CPU Paralelo,livros/MobyDick.txt,it,7724,5.71729
Sequencial naive,livros/MobyDick.txt,it,7724,5.628002
CPU Paralelo,livros/MobyDick.txt,it,7724,7.210981
Sequencial naive,livros/MobyDick.txt,it,7724,6.320471
CPU Paralelo,livros/MobyDick.txt,it,7724,9.433221
Sequencial naive,livros/MobyDick.txt,it,7724,6.197036
CPU Paralelo,livros/MobyDick.txt,it,7724,9.07328
Sequencial naive,livros/MobyDick.txt,it,7724,7.574732
CPU Paralelo,livros/MobyDick.txt,it,7724,10.211211
Sequencial naive,livros/MobyDick.txt,it,7724,9.656892
CPU Paralelo,livros/MobyDick.txt,it,7724,33.766226
Sequencial naive,livros/MobyDick.txt,it,7724,19.269727
CPU Paralelo,livros/MobyDick.txt,it,7724,24.111027
Sequencial naive,livros/MobyDick.txt,it,7724,21.069809
CPU Paralelo,livros/MobyDick.txt,it,7724,25.934574
Sequencial naive,livros/MobyDick.txt,it,7724,20.559267
CPU Paralelo,livros/MobyDick.txt,it,7724,25.581475
Sequencial naive,livros/Dracula.txt,it,5373,17.436718
CPU Paralelo,livros/Dracula.txt,it,5373,20.082069
Sequencial naive,livros/Dracula.txt,it,5373,15.979961
CPU Paralelo,livros/Dracula.txt,it,5373,20.901676
Sequencial naive,livros/Dracula.txt,it,5373,20.845512
CPU Paralelo,livros/Dracula.txt,it,5373,25.445572
Sequencial naive,livros/Dracula.txt,it,5373,20.909419
CPU Paralelo,livros/Dracula.txt,it,5373,25.801536
Sequencial naive,livros/Dracula.txt,it,5373,14.746977
CPU Paralelo,livros/Dracula.txt,it,5373,20.384003
Sequencial naive,livros/Dracula.txt,it,5373,14.694996
CPU Paralelo,livros/Dracula.txt,it,5373,20.777973
Sequencial naive,livros/Dracula.txt,it,5373,14.651753
CPU Paralelo,livros/Dracula.txt,it,5373,20.425193
Sequencial naive,livros/Dracula.txt,it,5373,21.052941
CPU Paralelo,livros/Dracula.txt,it,5373,24.780363
Sequencial naive,livros/Dracula.txt,it,5373,13.725376
CPU Paralelo,livros/Dracula.txt,it,5373,19.341108
Sequencial naive,livros/Dracula.txt,it,5373,14.413916
CPU Paralelo,livros/Dracula.txt,it,5373,22.375973
Sequencial naive,livros/DonQuixote.txt,Don,203,39.06708
CPU Paralelo,livros/DonQuixote.txt,Don,203,40.904587
Sequencial naive,livros/DonQuixote.txt,Don,203,34.276704
CPU Paralelo,livros/DonQuixote.txt,Don,203,40.044932
Sequencial naive,livros/DonQuixote.txt,Don,203,23.101679
CPU Paralelo,livros/DonQuixote.txt,Don,203,16.768507
Sequencial naive,livros/DonQuixote.txt,Don,203,11.105122
CPU Paralelo,livros/DonQuixote.txt,Don,203,12.814438
Sequencial naive,livros/DonQuixote.txt,Don,203,11.119694
CPU Paralelo,livros/DonQuixote.txt,Don,203,11.984196
Sequencial naive,livros/DonQuixote.txt,Don,203,12.878221
CPU Paralelo,livros/DonQuixote.txt,Don,203,13.875303
Sequencial naive,livros/DonQuixote.txt,Don,203,9.970808
CPU Paralelo,livros/DonQuixote.txt,Don,203,12.661056
Sequencial naive,livros/DonQuixote.txt,Don,203,10.724744
CPU Paralelo,livros/DonQuixote.txt,Don,203,16.865935
Sequencial naive,livros/DonQuixote.txt,Don,203,10.218571
CPU Paralelo,livros/DonQuixote.txt,Don,203,14.696262
Sequencial naive,livros/DonQuixote.txt,Don,203,13.625506
CPU Paralelo,livros/DonQuixote.txt,Don,203,13.278022
Sequencial naive,livros/MobyDick.txt,Don,40,5.513861
CPU Paralelo,livros/MobyDick.txt,Don,40,7.844719
Sequencial naive,livros/MobyDick.txt,Don,40,5.980669
CPU Paralelo,livros/MobyDick.txt,Don,40,18.469053
Sequencial naive,livros/MobyDick.txt,Don,40,13.110597
CPU Paralelo,livros/MobyDick.txt,Don,40,25.064428
Sequencial naive,livros/MobyDick.txt,Don,40,25.147316
CPU Paralelo,livros/MobyDick.txt,Don,40,30.845671
Sequencial naive,livros/MobyDick.txt,Don,40,24.085208
CPU Paralelo,livros/MobyDick.txt,Don,40,32.275242
Sequencial naive,livros/MobyDick.txt,Don,40,23.066894
CPU Paralelo,livros/MobyDick.txt,Don,40,31.126023
Sequencial naive,livros/MobyDick.txt,Don,40,36.671279
CPU Paralelo,livros/MobyDick.txt,Don,40,40.304847
Sequencial naive,livros/MobyDick.txt,Don,40,33.96013
CPU Paralelo,livros/MobyDick.txt,Don,40,33.996643
Sequencial naive,livros/MobyDick.txt,Don,40,25.008339
CPU Paralelo,livros/MobyDick.txt,Don,40,32.59105
Sequencial naive,livros/MobyDick.txt,Don,40,23.594462
CPU Paralelo,livros/MobyDick.txt,Don,40,31.623857
Sequencial naive,livros/Dracula.txt,Don,13,15.676276
CPU Paralelo,livros/Dracula.txt,Don,13,24.134773
Sequencial naive,livros/Dracula.txt,Don,13,16.813463
CPU Paralelo,livros/Dracula.txt,Don,13,23.034506
Sequencial naive,livros/Dracula.txt,Don,13,15.633932
CPU Paralelo,livros/Dracula.txt,Don,13,21.979978
Sequencial naive,livros/Dracula.txt,Don,13,17.290902
CPU Paralelo,livros/Dracula.txt,Don,13,22.586358
Sequencial naive,livros/Dracula.txt,Don,13,14.634372
CPU Paralelo,livros/Dracula.txt,Don,13,22.099319
Sequencial naive,livros/Dracula.txt,Don,13,12.517965
CPU Paralelo,livros/Dracula.txt,Don,13,18.770776
Sequencial naive,livros/Dracula.txt,Don,13,12.196926
CPU Paralelo,livros/Dracula.txt,Don,13,20.060558
Sequencial naive,livros/Dracula.txt,Don,13,12.057417
CPU Paralelo,livros/Dracula.txt,Don,13,22.855342
Sequencial naive,livros/Dracula.txt,Don,13,13.816503
CPU Paralelo,livros/Dracula.txt,Don,13,19.912159
Sequencial naive,livros/Dracula.txt,Don,13,11.963589
CPU Paralelo,livros/Dracula.txt,Don,13,11.471862
Sequencial naive,livros/DonQuixote.txt,Dracula,0,14.125209
CPU Paralelo,livros/DonQuixote.txt,Dracula,0,12.971799
Sequencial naive,livros/DonQuixote.txt,Dracula,0,9.159197
CPU Paralelo,livros/DonQuixote.txt,Dracula,0,11.233743
Sequencial naive,livros/DonQuixote.txt,Dracula,0,9.280167
CPU Paralelo,livros/DonQuixote.txt,Dracula,0,10.614651
Sequencial naive,livros/DonQuixote.txt,Dracula,0,8.98626
CPU Paralelo,livros/DonQuixote.txt,Dracula,0,10.551672
Sequencial naive,livros/DonQuixote.txt,Dracula,0,8.953975
CPU Paralelo,livros/DonQuixote.txt,Dracula,0,10.991095
Sequencial naive,livros/DonQuixote.txt,Dracula,0,8.543405
CPU Paralelo,livros/DonQuixote.txt,Dracula,0,11.254397
Sequencial naive,livros/DonQuixote.txt,Dracula,0,9.331393
CPU Paralelo,livros/DonQuixote.txt,Dracula,0,10.671973
Sequencial naive,livros/DonQuixote.txt,Dracula,0,9.346386
CPU Paralelo,livros/DonQuixote.txt,Dracula,0,10.813498
Sequencial naive,livros/DonQuixote.txt,Dracula,0,10.22587
CPU Paralelo,livros/DonQuixote.txt,Dracula,0,14.470365
Sequencial naive,livros/DonQuixote.txt,Dracula,0,14.080596
CPU Paralelo,livros/DonQuixote.txt,Dracula,0,16.930954
Sequencial naive,livros/MobyDick.txt,Dracula,0,10.80782
CPU Paralelo,livros/MobyDick.txt,Dracula,0,13.211344
Sequencial naive,livros/MobyDick.txt,Dracula,0,14.722638
CPU Paralelo,livros/MobyDick.txt,Dracula,0,19.303223
Sequencial naive,livros/MobyDick.txt,Dracula,0,22.337689
CPU Paralelo,livros/MobyDick.txt,Dracula,0,36.492601
Sequencial naive,livros/MobyDick.txt,Dracula,0,14.894967
CPU Paralelo,livros/MobyDick.txt,Dracula,0,19.248672
Sequencial naive,livros/MobyDick.txt,Dracula,0,14.50871
CPU Paralelo,livros/MobyDick.txt,Dracula,0,19.221682
Sequencial naive,livros/MobyDick.txt,Dracula,0,22.198033
CPU Paralelo,livros/MobyDick.txt,Dracula,0,27.513254
Sequencial naive,livros/MobyDick.txt,Dracula,0,22.137035
CPU Paralelo,livros/MobyDick.txt,Dracula,0,27.059502
Sequencial naive,livros/MobyDick.txt,Dracula,0,22.296306
CPU Paralelo,livros/MobyDick.txt,Dracula,0,25.587398
Sequencial naive,livros/MobyDick.txt,Dracula,0,8.179371
CPU Paralelo,livros/MobyDick.txt,Dracula,0,10.482698
Sequencial naive,livros/MobyDick.txt,Dracula,0,9.893881
CPU Paralelo,livros/MobyDick.txt,Dracula,0,10.091295
Sequencial naive,livros/Dracula.txt,Dracula,35,2.971899
CPU Paralelo,livros/Dracula.txt,Dracula,35,5.403972
Sequencial naive,livros/Dracula.txt,Dracula,35,2.858222
CPU Paralelo,livros/Dracula.txt,Dracula,35,4.501947
Sequencial naive,livros/Dracula.txt,Dracula,35,4.323815
CPU Paralelo,livros/Dracula.txt,Dracula,35,6.702827
Sequencial naive,livros/Dracula.txt,Dracula,35,4.666194
CPU Paralelo,livros/Dracula.txt,Dracula,35,6.38008
Sequencial naive,livros/Dracula.txt,Dracula,35,3.504419
CPU Paralelo,livros/Dracula.txt,Dracula,35,4.961405
Sequencial naive,livros/Dracula.txt,Dracula,35,4.690487
CPU Paralelo,livros/Dracula.txt,Dracula,35,6.543524
Sequencial naive,livros/Dracula.txt,Dracula,35,3.311544
CPU Paralelo,livros/Dracula.txt,Dracula,35,4.778867
Sequencial naive,livros/Dracula.txt,Dracula,35,2.732884
CPU Paralelo,livros/Dracula.txt,Dracula,35,4.475936
Sequencial naive,livros/Dracula.txt,Dracula,35,2.982831
CPU Paralelo,livros/Dracula.txt,Dracula,35,4.852993
Sequencial naive,livros/Dracula.txt,Dracula,35,2.862627
CPU Paralelo,livros/Dracula.txt,Dracula,35,5.043461
Sequencial naive,livros/DonQuixote.txt,Moby,0,8.399201
CPU Paralelo,livros/DonQuixote.txt,Moby,0,11.20469
Sequencial naive,livros/DonQuixote.txt,Moby,0,10.460702
CPU Paralelo,livros/DonQuixote.txt,Moby,0,14.812768
Sequencial naive,livros/DonQuixote.txt,Moby,0,16.282409
CPU Paralelo,livros/DonQuixote.txt,Moby,0,26.755708
Sequencial naive,livros/DonQuixote.txt,Moby,0,29.352772
CPU Paralelo,livros/DonQuixote.txt,Moby,0,28.591005
Sequencial naive,livros/DonQuixote.txt,Moby,0,26.427841
CPU Paralelo,livros/DonQuixote.txt,Moby,0,29.850723
Sequencial naive,livros/DonQuixote.txt,Moby,0,23.9549
CPU Paralelo,livros/DonQuixote.txt,Moby,0,26.815944
Sequencial naive,livros/DonQuixote.txt,Moby,0,24.125102
CPU Paralelo,livros/DonQuixote.txt,Moby,0,28.299923
Sequencial naive,livros/DonQuixote.txt,Moby,0,23.097249
CPU Paralelo,livros/DonQuixote.txt,Moby,0,28.830985
Sequencial naive,livros/DonQuixote.txt,Moby,0,23.659441
CPU Paralelo,livros/DonQuixote.txt,Moby,0,27.763835
Sequencial naive,livros/DonQuixote.txt,Moby,0,23.272529
CPU Paralelo,livros/DonQuixote.txt,Moby,0,27.952874
Sequencial naive,livros/MobyDick.txt,Moby,86,12.125607
CPU Paralelo,livros/MobyDick.txt,Moby,86,17.48934
Sequencial naive,livros/MobyDick.txt,Moby,86,12.422209
CPU Paralelo,livros/MobyDick.txt,Moby,86,17.089089
Sequencial naive,livros/MobyDick.txt,Moby,86,12.597848
CPU Paralelo,livros/MobyDick.txt,Moby,86,17.26824
Sequencial naive,livros/MobyDick.txt,Moby,86,11.847713
CPU Paralelo,livros/MobyDick.txt,Moby,86,31.55924
Sequencial naive,livros/MobyDick.txt,Moby,86,20.366611
CPU Paralelo,livros/MobyDick.txt,Moby,86,25.973349
Sequencial naive,livros/MobyDick.txt,Moby,86,23.814739
CPU Paralelo,livros/MobyDick.txt,Moby,86,37.561129
Sequencial naive,livros/MobyDick.txt,Moby,86,20.420686
CPU Paralelo,livros/MobyDick.txt,Moby,86,25.480411
Sequencial naive,livros/MobyDick.txt,Moby,86,19.669131
CPU Paralelo,livros/MobyDick.txt,Moby,86,27.328114
Sequencial naive,livros/MobyDick.txt,Moby,86,17.141462
CPU Paralelo,livros/MobyDick.txt,Moby,86,17.526658
Sequencial naive,livros/MobyDick.txt,Moby,86,9.680067
CPU Paralelo,livros/MobyDick.txt,Moby,86,13.725689
Sequencial naive,livros/Dracula.txt,Moby,0,6.4454
CPU Paralelo,livros/Dracula.txt,Moby,0,13.895524
Sequencial naive,livros/Dracula.txt,Moby,0,11.98276
CPU Paralelo,livros/Dracula.txt,Moby,0,19.768555
Sequencial naive,livros/Dracula.txt,Moby,0,13.295724
CPU Paralelo,livros/Dracula.txt,Moby,0,19.763527
Sequencial naive,livros/Dracula.txt,Moby,0,12.59724
CPU Paralelo,livros/Dracula.txt,Moby,0,24.033252
Sequencial naive,livros/Dracula.txt,Moby,0,19.831172
CPU Paralelo,livros/Dracula.txt,Moby,0,29.206194
Sequencial naive,livros/Dracula.txt,Moby,0,15.455514
CPU Paralelo,livros/Dracula.txt,Moby,0,20.299564
Sequencial naive,livros/Dracula.txt,Moby,0,15.83578
CPU Paralelo,livros/Dracula.txt,Moby,0,20.268502
Sequencial naive,livros/Dracula.txt,Moby,0,12.705974
CPU Paralelo,livros/Dracula.txt,Moby,0,21.648502
Sequencial naive,livros/Dracula.txt,Moby,0,20.173662
CPU Paralelo,livros/Dracula.txt,Moby,0,26.881634
Sequencial naive,livros/Dracula.txt,Moby,0,13.112673
CPU Paralelo,livros/Dracula.txt,Moby,0,23.231367
